-- TODO 1.3 : Inventer des données dans les nouvelles tables (tout ce qui concerne les tickets). Par contre, utiliser une requête avec insert into qui transfère les données des tables de la V0 à celles de cette nouvelle version.
insert into LesSpectacles(noSpec, nomSpec, prixBaseSpec) values (1, 'Verino', 9.50);
insert into LesSpectacles(noSpec, nomSpec, prixBaseSpec) values (2, 'Artus', 12.30);
insert into LesSpectacles(noSpec, nomSpec, prixBaseSpec) values (3, 'Guillaume Batz', 5);
insert into LesSpectacles(noSpec, nomSpec, prixBaseSpec) values (4, 'Paul Mirabel', 11);

insert into LesRepresentations(dateRep, promoRep, noSpec) values ('24/12/2019 17:00', 0.5, 1);
insert into LesRepresentations(dateRep, promoRep, noSpec) values ('24/12/2019 20:00', 0.3, 2);
insert into LesRepresentations(dateRep, promoRep, noSpec) values ('25/12/2019 20:00', 0, 4);
insert into LesRepresentations(dateRep, promoRep, noSpec) values ('21/12/2019 20:00', 0.2, 3);

insert into LesZones (noZone, catZone) values (1, 'orchestre');
insert into LesZones (noZone, catZone) values (2, 'poulailler');
insert into LesZones (noZone, catZone) values (3, 'balcon');

insert into TypeZones (catZone, tauxZone) values ('orchestre', 1.5);
insert into TypeZones (catZone, tauxZone) values ('balcon', 2);
insert into TypeZones (catZone, tauxZone) values ('poulailler', 1);

insert into LesReductions (typePers, tarifReduit) values ('ordinaire', 1);
insert into LesReductions (typePers, tarifReduit) values ('adhérent', 0.25);
insert into LesReductions (typePers, tarifReduit) values ('étudiant', 0.20);
insert into LesReductions (typePers, tarifReduit) values ('scolaire', 0.10);
insert into LesReductions (typePers, tarifReduit) values ('militaire', 0.05);
insert into LesReductions (typePers, tarifReduit) values ('sénior', 0.15);

insert into NumeroDossier (noDossier) values (1);
insert into NumeroDossier (noDossier) values (2);
insert into NumeroDossier (noDossier) values (3);
insert into NumeroDossier (noDossier) values (4);
insert into NumeroDossier (noDossier) values (5);
insert into NumeroDossier (noDossier) values (6);

insert into LesVentes (noTrans, dateTrans, prixTotal, noPlace, noRang, typePers, noDossier, dateRep) values (1, '24/12/2019 16:45:15', 5.34, 14, 1, 'adhérent', 1, '24/12/2019 17:00');
insert into LesVentes (noTrans, dateTrans, prixTotal, noPlace, noRang, typePers, noDossier, dateRep) values (2, '24/12/2019 16:45:15', 6.05, 13, 1, 'sénior', 1, '24/12/2019 17:00');
insert into LesVentes (noTrans, dateTrans, prixTotal, noPlace, noRang, typePers, noDossier, dateRep) values (3, '24/12/2019 16:50:23', 4.12, 10, 6, 'ordinaire', 2, '24/12/2019 17:00');
insert into LesVentes (noTrans, dateTrans, prixTotal, noPlace, noRang, typePers, noDossier, dateRep) values (4, '24/12/2019 19:40:52', 7.75, 1, 7, 'scolaire', 3, '24/12/2019 20:00');
insert into LesVentes (noTrans, dateTrans, prixTotal, noPlace, noRang, typePers, noDossier, dateRep) values (5, '24/12/2019 19:40:52', 7.75, 2, 7, 'scolaire', 3, '24/12/2019 20:00');
insert into LesVentes (noTrans, dateTrans, prixTotal, noPlace, noRang, typePers, noDossier, dateRep) values (6, '24/12/2019 19:40:52', 7.75, 3, 7, 'scolaire', 3, '24/12/2019 20:00');
insert into LesVentes (noTrans, dateTrans, prixTotal, noPlace, noRang, typePers, noDossier, dateRep) values (7, '24/12/2019 19:40:52', 7.75, 4, 7, 'scolaire', 3, '24/12/2019 20:00');
insert into LesVentes (noTrans, dateTrans, prixTotal, noPlace, noRang, typePers, noDossier, dateRep) values (8, '24/12/2019 19:40:52', 7.75, 5, 7, 'scolaire', 3, '24/12/2019 20:00');
insert into LesVentes (noTrans, dateTrans, prixTotal, noPlace, noRang, typePers, noDossier, dateRep) values (9, '24/12/2019 19:40:52', 7.75, 6, 7, 'scolaire', 3, '24/12/2019 20:00');
insert into LesVentes (noTrans, dateTrans, prixTotal, noPlace, noRang, typePers, noDossier, dateRep) values (10, '24/12/2019 19:40:52', 7.75, 7, 7, 'scolaire', 3, '24/12/2019 20:00');
insert into LesVentes (noTrans, dateTrans, prixTotal, noPlace, noRang, typePers, noDossier, dateRep) values (11, '24/12/2019 19:40:52', 7.75, 8, 7, 'scolaire', 3, '24/12/2019 20:00');
insert into LesVentes (noTrans, dateTrans, prixTotal, noPlace, noRang, typePers, noDossier, dateRep) values (12, '24/12/2019 19:40:52', 7.75, 9, 7, 'scolaire', 3, '24/12/2019 20:00');
insert into LesVentes (noTrans, dateTrans, prixTotal, noPlace, noRang, typePers, noDossier, dateRep) values (13, '24/12/2019 19:40:52', 7.75, 10, 7, 'scolaire', 3, '24/12/2019 20:00');
insert into LesVentes (noTrans, dateTrans, prixTotal, noPlace, noRang, typePers, noDossier, dateRep) values (14, '24/12/2019 19:40:52', 7.75, 11, 7, 'scolaire', 3, '24/12/2019 20:00');
insert into LesVentes (noTrans, dateTrans, prixTotal, noPlace, noRang, typePers, noDossier, dateRep) values (15, '24/12/2019 19:40:52', 7.75, 12, 7, 'scolaire', 3, '24/12/2019 20:00');
insert into LesVentes (noTrans, dateTrans, prixTotal, noPlace, noRang, typePers, noDossier, dateRep) values (16, '24/12/2019 19:40:52', 7.75, 13, 7, 'scolaire', 3, '24/12/2019 20:00');
insert into LesVentes (noTrans, dateTrans, prixTotal, noPlace, noRang, typePers, noDossier, dateRep) values (17, '24/12/2019 19:40:52', 7.75, 14, 7, 'scolaire', 3, '24/12/2019 20:00');
insert into LesVentes (noTrans, dateTrans, prixTotal, noPlace, noRang, typePers, noDossier, dateRep) values (18, '24/12/2019 19:40:52', 7.75, 15, 7, 'scolaire', 3, '24/12/2019 20:00');
insert into LesVentes (noTrans, dateTrans, prixTotal, noPlace, noRang, typePers, noDossier, dateRep) values (19, '24/12/2019 19:40:52', 7.75, 16, 7, 'scolaire', 3, '24/12/2019 20:00');
insert into LesVentes (noTrans, dateTrans, prixTotal, noPlace, noRang, typePers, noDossier, dateRep) values (20, '24/12/2019 19:40:52', 7.75, 17, 7, 'scolaire', 3, '24/12/2019 20:00');
insert into LesVentes (noTrans, dateTrans, prixTotal, noPlace, noRang, typePers, noDossier, dateRep) values (21, '24/12/2019 19:40:52', 7.75, 18, 7, 'scolaire', 3, '24/12/2019 20:00');
insert into LesVentes (noTrans, dateTrans, prixTotal, noPlace, noRang, typePers, noDossier, dateRep) values (22, '24/12/2019 19:40:52', 7.75, 19, 7, 'scolaire', 3, '24/12/2019 20:00');
insert into LesVentes (noTrans, dateTrans, prixTotal, noPlace, noRang, typePers, noDossier, dateRep) values (23, '24/12/2019 19:40:52', 7.75, 20, 7, 'scolaire', 3, '24/12/2019 20:00');
insert into LesVentes (noTrans, dateTrans, prixTotal, noPlace, noRang, typePers, noDossier, dateRep) values (24, '24/12/2019 19:40:52', 7.75, 21, 7, 'scolaire', 3, '24/12/2019 20:00');
insert into LesVentes (noTrans, dateTrans, prixTotal, noPlace, noRang, typePers, noDossier, dateRep) values (25, '24/12/2019 19:40:52', 7.75, 22, 7, 'scolaire', 3, '24/12/2019 20:00');
insert into LesVentes (noTrans, dateTrans, prixTotal, noPlace, noRang, typePers, noDossier, dateRep) values (26, '24/12/2019 19:40:52', 7.75, 23, 7, 'scolaire', 3, '24/12/2019 20:00');
insert into LesVentes (noTrans, dateTrans, prixTotal, noPlace, noRang, typePers, noDossier, dateRep) values (27, '24/12/2019 19:40:52', 7.75, 24, 7, 'scolaire', 3, '24/12/2019 20:00');
insert into LesVentes (noTrans, dateTrans, prixTotal, noPlace, noRang, typePers, noDossier, dateRep) values (28, '24/12/2019 19:40:52', 7.75, 25, 7, 'scolaire', 3, '24/12/2019 20:00');
insert into LesVentes (noTrans, dateTrans, prixTotal, noPlace, noRang, typePers, noDossier, dateRep) values (29, '25/12/2019 19:55:10', 20.90, 12, 20, 'militaire', 4, '25/12/2019 20:00');
insert into LesVentes (noTrans, dateTrans, prixTotal, noPlace, noRang, typePers, noDossier, dateRep) values (30, '25/12/2019 19:55:10', 22, 13, 20, 'ordinaire', 4, '25/12/2019 20:00');
insert into LesVentes (noTrans, dateTrans, prixTotal, noPlace, noRang, typePers, noDossier, dateRep) values (31, '21/12/2019 19:45:36', 5.10, 9, 2, 'sénior', 5, '21/12/2019 20:00');
insert into LesVentes (noTrans, dateTrans, prixTotal, noPlace, noRang, typePers, noDossier, dateRep) values (32, '21/12/2019 19:45:36', 5.10, 10, 2, 'sénior', 5, '21/12/2019 20:00');
insert into LesVentes (noTrans, dateTrans, prixTotal, noPlace, noRang, typePers, noDossier, dateRep) values (33, '21/12/2019 19:57:24', 4.80, 17, 1, 'étudiant', 6, '21/12/2019 20:00');
insert into LesVentes (noTrans, dateTrans, prixTotal, noPlace, noRang, typePers, noDossier, dateRep) values (34, '21/12/2019 19:57:24', 4.80, 18, 1, 'étudiant', 6, '21/12/2019 20:00');

-- Génération des 500 places (faites avec des boucles)
insert into LesPlaces(noPlace, noRang, noZone) values (1, 1, 1);
insert into LesPlaces(noPlace, noRang, noZone) values (2, 1, 1);
insert into LesPlaces(noPlace, noRang, noZone) values (3, 1, 1);
insert into LesPlaces(noPlace, noRang, noZone) values (4, 1, 1);
insert into LesPlaces(noPlace, noRang, noZone) values (5, 1, 1);
insert into LesPlaces(noPlace, noRang, noZone) values (6, 1, 1);
insert into LesPlaces(noPlace, noRang, noZone) values (7, 1, 1);
insert into LesPlaces(noPlace, noRang, noZone) values (8, 1, 1);
insert into LesPlaces(noPlace, noRang, noZone) values (9, 1, 1);
insert into LesPlaces(noPlace, noRang, noZone) values (10, 1, 1);
insert into LesPlaces(noPlace, noRang, noZone) values (11, 1, 1);
insert into LesPlaces(noPlace, noRang, noZone) values (12, 1, 1);
insert into LesPlaces(noPlace, noRang, noZone) values (13, 1, 1);
insert into LesPlaces(noPlace, noRang, noZone) values (14, 1, 1);
insert into LesPlaces(noPlace, noRang, noZone) values (15, 1, 1);
insert into LesPlaces(noPlace, noRang, noZone) values (16, 1, 1);
insert into LesPlaces(noPlace, noRang, noZone) values (17, 1, 1);
insert into LesPlaces(noPlace, noRang, noZone) values (18, 1, 1);
insert into LesPlaces(noPlace, noRang, noZone) values (19, 1, 1);
insert into LesPlaces(noPlace, noRang, noZone) values (20, 1, 1);
insert into LesPlaces(noPlace, noRang, noZone) values (21, 1, 1);
insert into LesPlaces(noPlace, noRang, noZone) values (22, 1, 1);
insert into LesPlaces(noPlace, noRang, noZone) values (23, 1, 1);
insert into LesPlaces(noPlace, noRang, noZone) values (24, 1, 1);
insert into LesPlaces(noPlace, noRang, noZone) values (25, 1, 1);
insert into LesPlaces(noPlace, noRang, noZone) values (1, 2, 1);
insert into LesPlaces(noPlace, noRang, noZone) values (2, 2, 1);
insert into LesPlaces(noPlace, noRang, noZone) values (3, 2, 1);
insert into LesPlaces(noPlace, noRang, noZone) values (4, 2, 1);
insert into LesPlaces(noPlace, noRang, noZone) values (5, 2, 1);
insert into LesPlaces(noPlace, noRang, noZone) values (6, 2, 1);
insert into LesPlaces(noPlace, noRang, noZone) values (7, 2, 1);
insert into LesPlaces(noPlace, noRang, noZone) values (8, 2, 1);
insert into LesPlaces(noPlace, noRang, noZone) values (9, 2, 1);
insert into LesPlaces(noPlace, noRang, noZone) values (10, 2, 1);
insert into LesPlaces(noPlace, noRang, noZone) values (11, 2, 1);
insert into LesPlaces(noPlace, noRang, noZone) values (12, 2, 1);
insert into LesPlaces(noPlace, noRang, noZone) values (13, 2, 1);
insert into LesPlaces(noPlace, noRang, noZone) values (14, 2, 1);
insert into LesPlaces(noPlace, noRang, noZone) values (15, 2, 1);
insert into LesPlaces(noPlace, noRang, noZone) values (16, 2, 1);
insert into LesPlaces(noPlace, noRang, noZone) values (17, 2, 1);
insert into LesPlaces(noPlace, noRang, noZone) values (18, 2, 1);
insert into LesPlaces(noPlace, noRang, noZone) values (19, 2, 1);
insert into LesPlaces(noPlace, noRang, noZone) values (20, 2, 1);
insert into LesPlaces(noPlace, noRang, noZone) values (21, 2, 1);
insert into LesPlaces(noPlace, noRang, noZone) values (22, 2, 1);
insert into LesPlaces(noPlace, noRang, noZone) values (23, 2, 1);
insert into LesPlaces(noPlace, noRang, noZone) values (24, 2, 1);
insert into LesPlaces(noPlace, noRang, noZone) values (25, 2, 1);
insert into LesPlaces(noPlace, noRang, noZone) values (1, 3, 1);
insert into LesPlaces(noPlace, noRang, noZone) values (2, 3, 1);
insert into LesPlaces(noPlace, noRang, noZone) values (3, 3, 1);
insert into LesPlaces(noPlace, noRang, noZone) values (4, 3, 1);
insert into LesPlaces(noPlace, noRang, noZone) values (5, 3, 1);
insert into LesPlaces(noPlace, noRang, noZone) values (6, 3, 1);
insert into LesPlaces(noPlace, noRang, noZone) values (7, 3, 1);
insert into LesPlaces(noPlace, noRang, noZone) values (8, 3, 1);
insert into LesPlaces(noPlace, noRang, noZone) values (9, 3, 1);
insert into LesPlaces(noPlace, noRang, noZone) values (10, 3, 1);
insert into LesPlaces(noPlace, noRang, noZone) values (11, 3, 1);
insert into LesPlaces(noPlace, noRang, noZone) values (12, 3, 1);
insert into LesPlaces(noPlace, noRang, noZone) values (13, 3, 1);
insert into LesPlaces(noPlace, noRang, noZone) values (14, 3, 1);
insert into LesPlaces(noPlace, noRang, noZone) values (15, 3, 1);
insert into LesPlaces(noPlace, noRang, noZone) values (16, 3, 1);
insert into LesPlaces(noPlace, noRang, noZone) values (17, 3, 1);
insert into LesPlaces(noPlace, noRang, noZone) values (18, 3, 1);
insert into LesPlaces(noPlace, noRang, noZone) values (19, 3, 1);
insert into LesPlaces(noPlace, noRang, noZone) values (20, 3, 1);
insert into LesPlaces(noPlace, noRang, noZone) values (21, 3, 1);
insert into LesPlaces(noPlace, noRang, noZone) values (22, 3, 1);
insert into LesPlaces(noPlace, noRang, noZone) values (23, 3, 1);
insert into LesPlaces(noPlace, noRang, noZone) values (24, 3, 1);
insert into LesPlaces(noPlace, noRang, noZone) values (25, 3, 1);
insert into LesPlaces(noPlace, noRang, noZone) values (1, 4, 1);
insert into LesPlaces(noPlace, noRang, noZone) values (2, 4, 1);
insert into LesPlaces(noPlace, noRang, noZone) values (3, 4, 1);
insert into LesPlaces(noPlace, noRang, noZone) values (4, 4, 1);
insert into LesPlaces(noPlace, noRang, noZone) values (5, 4, 1);
insert into LesPlaces(noPlace, noRang, noZone) values (6, 4, 1);
insert into LesPlaces(noPlace, noRang, noZone) values (7, 4, 1);
insert into LesPlaces(noPlace, noRang, noZone) values (8, 4, 1);
insert into LesPlaces(noPlace, noRang, noZone) values (9, 4, 1);
insert into LesPlaces(noPlace, noRang, noZone) values (10, 4, 1);
insert into LesPlaces(noPlace, noRang, noZone) values (11, 4, 1);
insert into LesPlaces(noPlace, noRang, noZone) values (12, 4, 1);
insert into LesPlaces(noPlace, noRang, noZone) values (13, 4, 1);
insert into LesPlaces(noPlace, noRang, noZone) values (14, 4, 1);
insert into LesPlaces(noPlace, noRang, noZone) values (15, 4, 1);
insert into LesPlaces(noPlace, noRang, noZone) values (16, 4, 1);
insert into LesPlaces(noPlace, noRang, noZone) values (17, 4, 1);
insert into LesPlaces(noPlace, noRang, noZone) values (18, 4, 1);
insert into LesPlaces(noPlace, noRang, noZone) values (19, 4, 1);
insert into LesPlaces(noPlace, noRang, noZone) values (20, 4, 1);
insert into LesPlaces(noPlace, noRang, noZone) values (21, 4, 1);
insert into LesPlaces(noPlace, noRang, noZone) values (22, 4, 1);
insert into LesPlaces(noPlace, noRang, noZone) values (23, 4, 1);
insert into LesPlaces(noPlace, noRang, noZone) values (24, 4, 1);
insert into LesPlaces(noPlace, noRang, noZone) values (25, 4, 1);
insert into LesPlaces(noPlace, noRang, noZone) values (1, 5, 2);
insert into LesPlaces(noPlace, noRang, noZone) values (2, 5, 2);
insert into LesPlaces(noPlace, noRang, noZone) values (3, 5, 2);
insert into LesPlaces(noPlace, noRang, noZone) values (4, 5, 2);
insert into LesPlaces(noPlace, noRang, noZone) values (5, 5, 2);
insert into LesPlaces(noPlace, noRang, noZone) values (6, 5, 2);
insert into LesPlaces(noPlace, noRang, noZone) values (7, 5, 2);
insert into LesPlaces(noPlace, noRang, noZone) values (8, 5, 2);
insert into LesPlaces(noPlace, noRang, noZone) values (9, 5, 2);
insert into LesPlaces(noPlace, noRang, noZone) values (10, 5, 2);
insert into LesPlaces(noPlace, noRang, noZone) values (11, 5, 2);
insert into LesPlaces(noPlace, noRang, noZone) values (12, 5, 2);
insert into LesPlaces(noPlace, noRang, noZone) values (13, 5, 2);
insert into LesPlaces(noPlace, noRang, noZone) values (14, 5, 2);
insert into LesPlaces(noPlace, noRang, noZone) values (15, 5, 2);
insert into LesPlaces(noPlace, noRang, noZone) values (16, 5, 2);
insert into LesPlaces(noPlace, noRang, noZone) values (17, 5, 2);
insert into LesPlaces(noPlace, noRang, noZone) values (18, 5, 2);
insert into LesPlaces(noPlace, noRang, noZone) values (19, 5, 2);
insert into LesPlaces(noPlace, noRang, noZone) values (20, 5, 2);
insert into LesPlaces(noPlace, noRang, noZone) values (21, 5, 2);
insert into LesPlaces(noPlace, noRang, noZone) values (22, 5, 2);
insert into LesPlaces(noPlace, noRang, noZone) values (23, 5, 2);
insert into LesPlaces(noPlace, noRang, noZone) values (24, 5, 2);
insert into LesPlaces(noPlace, noRang, noZone) values (25, 5, 2);
insert into LesPlaces(noPlace, noRang, noZone) values (1, 6, 2);
insert into LesPlaces(noPlace, noRang, noZone) values (2, 6, 2);
insert into LesPlaces(noPlace, noRang, noZone) values (3, 6, 2);
insert into LesPlaces(noPlace, noRang, noZone) values (4, 6, 2);
insert into LesPlaces(noPlace, noRang, noZone) values (5, 6, 2);
insert into LesPlaces(noPlace, noRang, noZone) values (6, 6, 2);
insert into LesPlaces(noPlace, noRang, noZone) values (7, 6, 2);
insert into LesPlaces(noPlace, noRang, noZone) values (8, 6, 2);
insert into LesPlaces(noPlace, noRang, noZone) values (9, 6, 2);
insert into LesPlaces(noPlace, noRang, noZone) values (10, 6, 2);
insert into LesPlaces(noPlace, noRang, noZone) values (11, 6, 2);
insert into LesPlaces(noPlace, noRang, noZone) values (12, 6, 2);
insert into LesPlaces(noPlace, noRang, noZone) values (13, 6, 2);
insert into LesPlaces(noPlace, noRang, noZone) values (14, 6, 2);
insert into LesPlaces(noPlace, noRang, noZone) values (15, 6, 2);
insert into LesPlaces(noPlace, noRang, noZone) values (16, 6, 2);
insert into LesPlaces(noPlace, noRang, noZone) values (17, 6, 2);
insert into LesPlaces(noPlace, noRang, noZone) values (18, 6, 2);
insert into LesPlaces(noPlace, noRang, noZone) values (19, 6, 2);
insert into LesPlaces(noPlace, noRang, noZone) values (20, 6, 2);
insert into LesPlaces(noPlace, noRang, noZone) values (21, 6, 2);
insert into LesPlaces(noPlace, noRang, noZone) values (22, 6, 2);
insert into LesPlaces(noPlace, noRang, noZone) values (23, 6, 2);
insert into LesPlaces(noPlace, noRang, noZone) values (24, 6, 2);
insert into LesPlaces(noPlace, noRang, noZone) values (25, 6, 2);
insert into LesPlaces(noPlace, noRang, noZone) values (1, 7, 2);
insert into LesPlaces(noPlace, noRang, noZone) values (2, 7, 2);
insert into LesPlaces(noPlace, noRang, noZone) values (3, 7, 2);
insert into LesPlaces(noPlace, noRang, noZone) values (4, 7, 2);
insert into LesPlaces(noPlace, noRang, noZone) values (5, 7, 2);
insert into LesPlaces(noPlace, noRang, noZone) values (6, 7, 2);
insert into LesPlaces(noPlace, noRang, noZone) values (7, 7, 2);
insert into LesPlaces(noPlace, noRang, noZone) values (8, 7, 2);
insert into LesPlaces(noPlace, noRang, noZone) values (9, 7, 2);
insert into LesPlaces(noPlace, noRang, noZone) values (10, 7, 2);
insert into LesPlaces(noPlace, noRang, noZone) values (11, 7, 2);
insert into LesPlaces(noPlace, noRang, noZone) values (12, 7, 2);
insert into LesPlaces(noPlace, noRang, noZone) values (13, 7, 2);
insert into LesPlaces(noPlace, noRang, noZone) values (14, 7, 2);
insert into LesPlaces(noPlace, noRang, noZone) values (15, 7, 2);
insert into LesPlaces(noPlace, noRang, noZone) values (16, 7, 2);
insert into LesPlaces(noPlace, noRang, noZone) values (17, 7, 2);
insert into LesPlaces(noPlace, noRang, noZone) values (18, 7, 2);
insert into LesPlaces(noPlace, noRang, noZone) values (19, 7, 2);
insert into LesPlaces(noPlace, noRang, noZone) values (20, 7, 2);
insert into LesPlaces(noPlace, noRang, noZone) values (21, 7, 2);
insert into LesPlaces(noPlace, noRang, noZone) values (22, 7, 2);
insert into LesPlaces(noPlace, noRang, noZone) values (23, 7, 2);
insert into LesPlaces(noPlace, noRang, noZone) values (24, 7, 2);
insert into LesPlaces(noPlace, noRang, noZone) values (25, 7, 2);
insert into LesPlaces(noPlace, noRang, noZone) values (1, 8, 2);
insert into LesPlaces(noPlace, noRang, noZone) values (2, 8, 2);
insert into LesPlaces(noPlace, noRang, noZone) values (3, 8, 2);
insert into LesPlaces(noPlace, noRang, noZone) values (4, 8, 2);
insert into LesPlaces(noPlace, noRang, noZone) values (5, 8, 2);
insert into LesPlaces(noPlace, noRang, noZone) values (6, 8, 2);
insert into LesPlaces(noPlace, noRang, noZone) values (7, 8, 2);
insert into LesPlaces(noPlace, noRang, noZone) values (8, 8, 2);
insert into LesPlaces(noPlace, noRang, noZone) values (9, 8, 2);
insert into LesPlaces(noPlace, noRang, noZone) values (10, 8, 2);
insert into LesPlaces(noPlace, noRang, noZone) values (11, 8, 2);
insert into LesPlaces(noPlace, noRang, noZone) values (12, 8, 2);
insert into LesPlaces(noPlace, noRang, noZone) values (13, 8, 2);
insert into LesPlaces(noPlace, noRang, noZone) values (14, 8, 2);
insert into LesPlaces(noPlace, noRang, noZone) values (15, 8, 2);
insert into LesPlaces(noPlace, noRang, noZone) values (16, 8, 2);
insert into LesPlaces(noPlace, noRang, noZone) values (17, 8, 2);
insert into LesPlaces(noPlace, noRang, noZone) values (18, 8, 2);
insert into LesPlaces(noPlace, noRang, noZone) values (19, 8, 2);
insert into LesPlaces(noPlace, noRang, noZone) values (20, 8, 2);
insert into LesPlaces(noPlace, noRang, noZone) values (21, 8, 2);
insert into LesPlaces(noPlace, noRang, noZone) values (22, 8, 2);
insert into LesPlaces(noPlace, noRang, noZone) values (23, 8, 2);
insert into LesPlaces(noPlace, noRang, noZone) values (24, 8, 2);
insert into LesPlaces(noPlace, noRang, noZone) values (25, 8, 2);
insert into LesPlaces(noPlace, noRang, noZone) values (1, 9, 2);
insert into LesPlaces(noPlace, noRang, noZone) values (2, 9, 2);
insert into LesPlaces(noPlace, noRang, noZone) values (3, 9, 2);
insert into LesPlaces(noPlace, noRang, noZone) values (4, 9, 2);
insert into LesPlaces(noPlace, noRang, noZone) values (5, 9, 2);
insert into LesPlaces(noPlace, noRang, noZone) values (6, 9, 2);
insert into LesPlaces(noPlace, noRang, noZone) values (7, 9, 2);
insert into LesPlaces(noPlace, noRang, noZone) values (8, 9, 2);
insert into LesPlaces(noPlace, noRang, noZone) values (9, 9, 2);
insert into LesPlaces(noPlace, noRang, noZone) values (10, 9, 2);
insert into LesPlaces(noPlace, noRang, noZone) values (11, 9, 2);
insert into LesPlaces(noPlace, noRang, noZone) values (12, 9, 2);
insert into LesPlaces(noPlace, noRang, noZone) values (13, 9, 2);
insert into LesPlaces(noPlace, noRang, noZone) values (14, 9, 2);
insert into LesPlaces(noPlace, noRang, noZone) values (15, 9, 2);
insert into LesPlaces(noPlace, noRang, noZone) values (16, 9, 2);
insert into LesPlaces(noPlace, noRang, noZone) values (17, 9, 2);
insert into LesPlaces(noPlace, noRang, noZone) values (18, 9, 2);
insert into LesPlaces(noPlace, noRang, noZone) values (19, 9, 2);
insert into LesPlaces(noPlace, noRang, noZone) values (20, 9, 2);
insert into LesPlaces(noPlace, noRang, noZone) values (21, 9, 2);
insert into LesPlaces(noPlace, noRang, noZone) values (22, 9, 2);
insert into LesPlaces(noPlace, noRang, noZone) values (23, 9, 2);
insert into LesPlaces(noPlace, noRang, noZone) values (24, 9, 2);
insert into LesPlaces(noPlace, noRang, noZone) values (25, 9, 2);
insert into LesPlaces(noPlace, noRang, noZone) values (1, 10, 2);
insert into LesPlaces(noPlace, noRang, noZone) values (2, 10, 2);
insert into LesPlaces(noPlace, noRang, noZone) values (3, 10, 2);
insert into LesPlaces(noPlace, noRang, noZone) values (4, 10, 2);
insert into LesPlaces(noPlace, noRang, noZone) values (5, 10, 2);
insert into LesPlaces(noPlace, noRang, noZone) values (6, 10, 2);
insert into LesPlaces(noPlace, noRang, noZone) values (7, 10, 2);
insert into LesPlaces(noPlace, noRang, noZone) values (8, 10, 2);
insert into LesPlaces(noPlace, noRang, noZone) values (9, 10, 2);
insert into LesPlaces(noPlace, noRang, noZone) values (10, 10, 2);
insert into LesPlaces(noPlace, noRang, noZone) values (11, 10, 2);
insert into LesPlaces(noPlace, noRang, noZone) values (12, 10, 2);
insert into LesPlaces(noPlace, noRang, noZone) values (13, 10, 2);
insert into LesPlaces(noPlace, noRang, noZone) values (14, 10, 2);
insert into LesPlaces(noPlace, noRang, noZone) values (15, 10, 2);
insert into LesPlaces(noPlace, noRang, noZone) values (16, 10, 2);
insert into LesPlaces(noPlace, noRang, noZone) values (17, 10, 2);
insert into LesPlaces(noPlace, noRang, noZone) values (18, 10, 2);
insert into LesPlaces(noPlace, noRang, noZone) values (19, 10, 2);
insert into LesPlaces(noPlace, noRang, noZone) values (20, 10, 2);
insert into LesPlaces(noPlace, noRang, noZone) values (21, 10, 2);
insert into LesPlaces(noPlace, noRang, noZone) values (22, 10, 2);
insert into LesPlaces(noPlace, noRang, noZone) values (23, 10, 2);
insert into LesPlaces(noPlace, noRang, noZone) values (24, 10, 2);
insert into LesPlaces(noPlace, noRang, noZone) values (25, 10, 2);
insert into LesPlaces(noPlace, noRang, noZone) values (1, 11, 2);
insert into LesPlaces(noPlace, noRang, noZone) values (2, 11, 2);
insert into LesPlaces(noPlace, noRang, noZone) values (3, 11, 2);
insert into LesPlaces(noPlace, noRang, noZone) values (4, 11, 2);
insert into LesPlaces(noPlace, noRang, noZone) values (5, 11, 2);
insert into LesPlaces(noPlace, noRang, noZone) values (6, 11, 2);
insert into LesPlaces(noPlace, noRang, noZone) values (7, 11, 2);
insert into LesPlaces(noPlace, noRang, noZone) values (8, 11, 2);
insert into LesPlaces(noPlace, noRang, noZone) values (9, 11, 2);
insert into LesPlaces(noPlace, noRang, noZone) values (10, 11, 2);
insert into LesPlaces(noPlace, noRang, noZone) values (11, 11, 2);
insert into LesPlaces(noPlace, noRang, noZone) values (12, 11, 2);
insert into LesPlaces(noPlace, noRang, noZone) values (13, 11, 2);
insert into LesPlaces(noPlace, noRang, noZone) values (14, 11, 2);
insert into LesPlaces(noPlace, noRang, noZone) values (15, 11, 2);
insert into LesPlaces(noPlace, noRang, noZone) values (16, 11, 2);
insert into LesPlaces(noPlace, noRang, noZone) values (17, 11, 2);
insert into LesPlaces(noPlace, noRang, noZone) values (18, 11, 2);
insert into LesPlaces(noPlace, noRang, noZone) values (19, 11, 2);
insert into LesPlaces(noPlace, noRang, noZone) values (20, 11, 2);
insert into LesPlaces(noPlace, noRang, noZone) values (21, 11, 2);
insert into LesPlaces(noPlace, noRang, noZone) values (22, 11, 2);
insert into LesPlaces(noPlace, noRang, noZone) values (23, 11, 2);
insert into LesPlaces(noPlace, noRang, noZone) values (24, 11, 2);
insert into LesPlaces(noPlace, noRang, noZone) values (25, 11, 2);
insert into LesPlaces(noPlace, noRang, noZone) values (1, 12, 2);
insert into LesPlaces(noPlace, noRang, noZone) values (2, 12, 2);
insert into LesPlaces(noPlace, noRang, noZone) values (3, 12, 2);
insert into LesPlaces(noPlace, noRang, noZone) values (4, 12, 2);
insert into LesPlaces(noPlace, noRang, noZone) values (5, 12, 2);
insert into LesPlaces(noPlace, noRang, noZone) values (6, 12, 2);
insert into LesPlaces(noPlace, noRang, noZone) values (7, 12, 2);
insert into LesPlaces(noPlace, noRang, noZone) values (8, 12, 2);
insert into LesPlaces(noPlace, noRang, noZone) values (9, 12, 2);
insert into LesPlaces(noPlace, noRang, noZone) values (10, 12, 2);
insert into LesPlaces(noPlace, noRang, noZone) values (11, 12, 2);
insert into LesPlaces(noPlace, noRang, noZone) values (12, 12, 2);
insert into LesPlaces(noPlace, noRang, noZone) values (13, 12, 2);
insert into LesPlaces(noPlace, noRang, noZone) values (14, 12, 2);
insert into LesPlaces(noPlace, noRang, noZone) values (15, 12, 2);
insert into LesPlaces(noPlace, noRang, noZone) values (16, 12, 2);
insert into LesPlaces(noPlace, noRang, noZone) values (17, 12, 2);
insert into LesPlaces(noPlace, noRang, noZone) values (18, 12, 2);
insert into LesPlaces(noPlace, noRang, noZone) values (19, 12, 2);
insert into LesPlaces(noPlace, noRang, noZone) values (20, 12, 2);
insert into LesPlaces(noPlace, noRang, noZone) values (21, 12, 2);
insert into LesPlaces(noPlace, noRang, noZone) values (22, 12, 2);
insert into LesPlaces(noPlace, noRang, noZone) values (23, 12, 2);
insert into LesPlaces(noPlace, noRang, noZone) values (24, 12, 2);
insert into LesPlaces(noPlace, noRang, noZone) values (25, 12, 2);
insert into LesPlaces(noPlace, noRang, noZone) values (1, 13, 2);
insert into LesPlaces(noPlace, noRang, noZone) values (2, 13, 2);
insert into LesPlaces(noPlace, noRang, noZone) values (3, 13, 2);
insert into LesPlaces(noPlace, noRang, noZone) values (4, 13, 2);
insert into LesPlaces(noPlace, noRang, noZone) values (5, 13, 2);
insert into LesPlaces(noPlace, noRang, noZone) values (6, 13, 2);
insert into LesPlaces(noPlace, noRang, noZone) values (7, 13, 2);
insert into LesPlaces(noPlace, noRang, noZone) values (8, 13, 2);
insert into LesPlaces(noPlace, noRang, noZone) values (9, 13, 2);
insert into LesPlaces(noPlace, noRang, noZone) values (10, 13, 2);
insert into LesPlaces(noPlace, noRang, noZone) values (11, 13, 2);
insert into LesPlaces(noPlace, noRang, noZone) values (12, 13, 2);
insert into LesPlaces(noPlace, noRang, noZone) values (13, 13, 2);
insert into LesPlaces(noPlace, noRang, noZone) values (14, 13, 2);
insert into LesPlaces(noPlace, noRang, noZone) values (15, 13, 2);
insert into LesPlaces(noPlace, noRang, noZone) values (16, 13, 2);
insert into LesPlaces(noPlace, noRang, noZone) values (17, 13, 2);
insert into LesPlaces(noPlace, noRang, noZone) values (18, 13, 2);
insert into LesPlaces(noPlace, noRang, noZone) values (19, 13, 2);
insert into LesPlaces(noPlace, noRang, noZone) values (20, 13, 2);
insert into LesPlaces(noPlace, noRang, noZone) values (21, 13, 2);
insert into LesPlaces(noPlace, noRang, noZone) values (22, 13, 2);
insert into LesPlaces(noPlace, noRang, noZone) values (23, 13, 2);
insert into LesPlaces(noPlace, noRang, noZone) values (24, 13, 2);
insert into LesPlaces(noPlace, noRang, noZone) values (25, 13, 2);
insert into LesPlaces(noPlace, noRang, noZone) values (1, 14, 2);
insert into LesPlaces(noPlace, noRang, noZone) values (2, 14, 2);
insert into LesPlaces(noPlace, noRang, noZone) values (3, 14, 2);
insert into LesPlaces(noPlace, noRang, noZone) values (4, 14, 2);
insert into LesPlaces(noPlace, noRang, noZone) values (5, 14, 2);
insert into LesPlaces(noPlace, noRang, noZone) values (6, 14, 2);
insert into LesPlaces(noPlace, noRang, noZone) values (7, 14, 2);
insert into LesPlaces(noPlace, noRang, noZone) values (8, 14, 2);
insert into LesPlaces(noPlace, noRang, noZone) values (9, 14, 2);
insert into LesPlaces(noPlace, noRang, noZone) values (10, 14, 2);
insert into LesPlaces(noPlace, noRang, noZone) values (11, 14, 2);
insert into LesPlaces(noPlace, noRang, noZone) values (12, 14, 2);
insert into LesPlaces(noPlace, noRang, noZone) values (13, 14, 2);
insert into LesPlaces(noPlace, noRang, noZone) values (14, 14, 2);
insert into LesPlaces(noPlace, noRang, noZone) values (15, 14, 2);
insert into LesPlaces(noPlace, noRang, noZone) values (16, 14, 2);
insert into LesPlaces(noPlace, noRang, noZone) values (17, 14, 2);
insert into LesPlaces(noPlace, noRang, noZone) values (18, 14, 2);
insert into LesPlaces(noPlace, noRang, noZone) values (19, 14, 2);
insert into LesPlaces(noPlace, noRang, noZone) values (20, 14, 2);
insert into LesPlaces(noPlace, noRang, noZone) values (21, 14, 2);
insert into LesPlaces(noPlace, noRang, noZone) values (22, 14, 2);
insert into LesPlaces(noPlace, noRang, noZone) values (23, 14, 2);
insert into LesPlaces(noPlace, noRang, noZone) values (24, 14, 2);
insert into LesPlaces(noPlace, noRang, noZone) values (25, 14, 2);
insert into LesPlaces(noPlace, noRang, noZone) values (1, 15, 2);
insert into LesPlaces(noPlace, noRang, noZone) values (2, 15, 2);
insert into LesPlaces(noPlace, noRang, noZone) values (3, 15, 2);
insert into LesPlaces(noPlace, noRang, noZone) values (4, 15, 2);
insert into LesPlaces(noPlace, noRang, noZone) values (5, 15, 2);
insert into LesPlaces(noPlace, noRang, noZone) values (6, 15, 2);
insert into LesPlaces(noPlace, noRang, noZone) values (7, 15, 2);
insert into LesPlaces(noPlace, noRang, noZone) values (8, 15, 2);
insert into LesPlaces(noPlace, noRang, noZone) values (9, 15, 2);
insert into LesPlaces(noPlace, noRang, noZone) values (10, 15, 2);
insert into LesPlaces(noPlace, noRang, noZone) values (11, 15, 2);
insert into LesPlaces(noPlace, noRang, noZone) values (12, 15, 2);
insert into LesPlaces(noPlace, noRang, noZone) values (13, 15, 2);
insert into LesPlaces(noPlace, noRang, noZone) values (14, 15, 2);
insert into LesPlaces(noPlace, noRang, noZone) values (15, 15, 2);
insert into LesPlaces(noPlace, noRang, noZone) values (16, 15, 2);
insert into LesPlaces(noPlace, noRang, noZone) values (17, 15, 2);
insert into LesPlaces(noPlace, noRang, noZone) values (18, 15, 2);
insert into LesPlaces(noPlace, noRang, noZone) values (19, 15, 2);
insert into LesPlaces(noPlace, noRang, noZone) values (20, 15, 2);
insert into LesPlaces(noPlace, noRang, noZone) values (21, 15, 2);
insert into LesPlaces(noPlace, noRang, noZone) values (22, 15, 2);
insert into LesPlaces(noPlace, noRang, noZone) values (23, 15, 2);
insert into LesPlaces(noPlace, noRang, noZone) values (24, 15, 2);
insert into LesPlaces(noPlace, noRang, noZone) values (25, 15, 2);
insert into LesPlaces(noPlace, noRang, noZone) values (1, 16, 3);
insert into LesPlaces(noPlace, noRang, noZone) values (2, 16, 3);
insert into LesPlaces(noPlace, noRang, noZone) values (3, 16, 3);
insert into LesPlaces(noPlace, noRang, noZone) values (4, 16, 3);
insert into LesPlaces(noPlace, noRang, noZone) values (5, 16, 3);
insert into LesPlaces(noPlace, noRang, noZone) values (6, 16, 3);
insert into LesPlaces(noPlace, noRang, noZone) values (7, 16, 3);
insert into LesPlaces(noPlace, noRang, noZone) values (8, 16, 3);
insert into LesPlaces(noPlace, noRang, noZone) values (9, 16, 3);
insert into LesPlaces(noPlace, noRang, noZone) values (10, 16, 3);
insert into LesPlaces(noPlace, noRang, noZone) values (11, 16, 3);
insert into LesPlaces(noPlace, noRang, noZone) values (12, 16, 3);
insert into LesPlaces(noPlace, noRang, noZone) values (13, 16, 3);
insert into LesPlaces(noPlace, noRang, noZone) values (14, 16, 3);
insert into LesPlaces(noPlace, noRang, noZone) values (15, 16, 3);
insert into LesPlaces(noPlace, noRang, noZone) values (16, 16, 3);
insert into LesPlaces(noPlace, noRang, noZone) values (17, 16, 3);
insert into LesPlaces(noPlace, noRang, noZone) values (18, 16, 3);
insert into LesPlaces(noPlace, noRang, noZone) values (19, 16, 3);
insert into LesPlaces(noPlace, noRang, noZone) values (20, 16, 3);
insert into LesPlaces(noPlace, noRang, noZone) values (21, 16, 3);
insert into LesPlaces(noPlace, noRang, noZone) values (22, 16, 3);
insert into LesPlaces(noPlace, noRang, noZone) values (23, 16, 3);
insert into LesPlaces(noPlace, noRang, noZone) values (24, 16, 3);
insert into LesPlaces(noPlace, noRang, noZone) values (25, 16, 3);
insert into LesPlaces(noPlace, noRang, noZone) values (1, 17, 3);
insert into LesPlaces(noPlace, noRang, noZone) values (2, 17, 3);
insert into LesPlaces(noPlace, noRang, noZone) values (3, 17, 3);
insert into LesPlaces(noPlace, noRang, noZone) values (4, 17, 3);
insert into LesPlaces(noPlace, noRang, noZone) values (5, 17, 3);
insert into LesPlaces(noPlace, noRang, noZone) values (6, 17, 3);
insert into LesPlaces(noPlace, noRang, noZone) values (7, 17, 3);
insert into LesPlaces(noPlace, noRang, noZone) values (8, 17, 3);
insert into LesPlaces(noPlace, noRang, noZone) values (9, 17, 3);
insert into LesPlaces(noPlace, noRang, noZone) values (10, 17, 3);
insert into LesPlaces(noPlace, noRang, noZone) values (11, 17, 3);
insert into LesPlaces(noPlace, noRang, noZone) values (12, 17, 3);
insert into LesPlaces(noPlace, noRang, noZone) values (13, 17, 3);
insert into LesPlaces(noPlace, noRang, noZone) values (14, 17, 3);
insert into LesPlaces(noPlace, noRang, noZone) values (15, 17, 3);
insert into LesPlaces(noPlace, noRang, noZone) values (16, 17, 3);
insert into LesPlaces(noPlace, noRang, noZone) values (17, 17, 3);
insert into LesPlaces(noPlace, noRang, noZone) values (18, 17, 3);
insert into LesPlaces(noPlace, noRang, noZone) values (19, 17, 3);
insert into LesPlaces(noPlace, noRang, noZone) values (20, 17, 3);
insert into LesPlaces(noPlace, noRang, noZone) values (21, 17, 3);
insert into LesPlaces(noPlace, noRang, noZone) values (22, 17, 3);
insert into LesPlaces(noPlace, noRang, noZone) values (23, 17, 3);
insert into LesPlaces(noPlace, noRang, noZone) values (24, 17, 3);
insert into LesPlaces(noPlace, noRang, noZone) values (25, 17, 3);
insert into LesPlaces(noPlace, noRang, noZone) values (1, 18, 3);
insert into LesPlaces(noPlace, noRang, noZone) values (2, 18, 3);
insert into LesPlaces(noPlace, noRang, noZone) values (3, 18, 3);
insert into LesPlaces(noPlace, noRang, noZone) values (4, 18, 3);
insert into LesPlaces(noPlace, noRang, noZone) values (5, 18, 3);
insert into LesPlaces(noPlace, noRang, noZone) values (6, 18, 3);
insert into LesPlaces(noPlace, noRang, noZone) values (7, 18, 3);
insert into LesPlaces(noPlace, noRang, noZone) values (8, 18, 3);
insert into LesPlaces(noPlace, noRang, noZone) values (9, 18, 3);
insert into LesPlaces(noPlace, noRang, noZone) values (10, 18, 3);
insert into LesPlaces(noPlace, noRang, noZone) values (11, 18, 3);
insert into LesPlaces(noPlace, noRang, noZone) values (12, 18, 3);
insert into LesPlaces(noPlace, noRang, noZone) values (13, 18, 3);
insert into LesPlaces(noPlace, noRang, noZone) values (14, 18, 3);
insert into LesPlaces(noPlace, noRang, noZone) values (15, 18, 3);
insert into LesPlaces(noPlace, noRang, noZone) values (16, 18, 3);
insert into LesPlaces(noPlace, noRang, noZone) values (17, 18, 3);
insert into LesPlaces(noPlace, noRang, noZone) values (18, 18, 3);
insert into LesPlaces(noPlace, noRang, noZone) values (19, 18, 3);
insert into LesPlaces(noPlace, noRang, noZone) values (20, 18, 3);
insert into LesPlaces(noPlace, noRang, noZone) values (21, 18, 3);
insert into LesPlaces(noPlace, noRang, noZone) values (22, 18, 3);
insert into LesPlaces(noPlace, noRang, noZone) values (23, 18, 3);
insert into LesPlaces(noPlace, noRang, noZone) values (24, 18, 3);
insert into LesPlaces(noPlace, noRang, noZone) values (25, 18, 3);
insert into LesPlaces(noPlace, noRang, noZone) values (1, 19, 3);
insert into LesPlaces(noPlace, noRang, noZone) values (2, 19, 3);
insert into LesPlaces(noPlace, noRang, noZone) values (3, 19, 3);
insert into LesPlaces(noPlace, noRang, noZone) values (4, 19, 3);
insert into LesPlaces(noPlace, noRang, noZone) values (5, 19, 3);
insert into LesPlaces(noPlace, noRang, noZone) values (6, 19, 3);
insert into LesPlaces(noPlace, noRang, noZone) values (7, 19, 3);
insert into LesPlaces(noPlace, noRang, noZone) values (8, 19, 3);
insert into LesPlaces(noPlace, noRang, noZone) values (9, 19, 3);
insert into LesPlaces(noPlace, noRang, noZone) values (10, 19, 3);
insert into LesPlaces(noPlace, noRang, noZone) values (11, 19, 3);
insert into LesPlaces(noPlace, noRang, noZone) values (12, 19, 3);
insert into LesPlaces(noPlace, noRang, noZone) values (13, 19, 3);
insert into LesPlaces(noPlace, noRang, noZone) values (14, 19, 3);
insert into LesPlaces(noPlace, noRang, noZone) values (15, 19, 3);
insert into LesPlaces(noPlace, noRang, noZone) values (16, 19, 3);
insert into LesPlaces(noPlace, noRang, noZone) values (17, 19, 3);
insert into LesPlaces(noPlace, noRang, noZone) values (18, 19, 3);
insert into LesPlaces(noPlace, noRang, noZone) values (19, 19, 3);
insert into LesPlaces(noPlace, noRang, noZone) values (20, 19, 3);
insert into LesPlaces(noPlace, noRang, noZone) values (21, 19, 3);
insert into LesPlaces(noPlace, noRang, noZone) values (22, 19, 3);
insert into LesPlaces(noPlace, noRang, noZone) values (23, 19, 3);
insert into LesPlaces(noPlace, noRang, noZone) values (24, 19, 3);
insert into LesPlaces(noPlace, noRang, noZone) values (25, 19, 3);
insert into LesPlaces(noPlace, noRang, noZone) values (1, 20, 3);
insert into LesPlaces(noPlace, noRang, noZone) values (2, 20, 3);
insert into LesPlaces(noPlace, noRang, noZone) values (3, 20, 3);
insert into LesPlaces(noPlace, noRang, noZone) values (4, 20, 3);
insert into LesPlaces(noPlace, noRang, noZone) values (5, 20, 3);
insert into LesPlaces(noPlace, noRang, noZone) values (6, 20, 3);
insert into LesPlaces(noPlace, noRang, noZone) values (7, 20, 3);
insert into LesPlaces(noPlace, noRang, noZone) values (8, 20, 3);
insert into LesPlaces(noPlace, noRang, noZone) values (9, 20, 3);
insert into LesPlaces(noPlace, noRang, noZone) values (10, 20, 3);
insert into LesPlaces(noPlace, noRang, noZone) values (11, 20, 3);
insert into LesPlaces(noPlace, noRang, noZone) values (12, 20, 3);
insert into LesPlaces(noPlace, noRang, noZone) values (13, 20, 3);
insert into LesPlaces(noPlace, noRang, noZone) values (14, 20, 3);
insert into LesPlaces(noPlace, noRang, noZone) values (15, 20, 3);
insert into LesPlaces(noPlace, noRang, noZone) values (16, 20, 3);
insert into LesPlaces(noPlace, noRang, noZone) values (17, 20, 3);
insert into LesPlaces(noPlace, noRang, noZone) values (18, 20, 3);
insert into LesPlaces(noPlace, noRang, noZone) values (19, 20, 3);
insert into LesPlaces(noPlace, noRang, noZone) values (20, 20, 3);
insert into LesPlaces(noPlace, noRang, noZone) values (21, 20, 3);
insert into LesPlaces(noPlace, noRang, noZone) values (22, 20, 3);
insert into LesPlaces(noPlace, noRang, noZone) values (23, 20, 3);
insert into LesPlaces(noPlace, noRang, noZone) values (24, 20, 3);
insert into LesPlaces(noPlace, noRang, noZone) values (25, 20, 3);
